rRNA	Posn.	Mod.	Kmer
18s	28	Am	ATATG
18s	100	Am	TCATT
18s	106	Y	AATCA
18s	120	Y	TATTT
18s	211	Y	TATTA
18s	302	Y	AATTT
18s	414	Cm	ATCCA
18s	420	Am	GGAAG
18s	436	Am	GCAAA
18s	466	Y	AGTGA
18s	541	Am	GGAAC
18s	562	Gm	GGTGC
18s	578	Um	GGTAA
18s	619	Am	TTAAA
18s	632	Y	AGTTG
18s	759	Y	ATTAG
18s	766	Y	TGTTC
18s	796	Am	TTAGC
18s	974	Am	GAACG
18s	999	Y	GATCA
18s	1007	Cm	ACCGT
18s	1126	Gm	AAGGC
18s	1181	Y	GCTTA
18s	1187	Y	TTTGA
18s	1191	m1acp3Y	ACTCA
18s	1269	Um	GGTGG
18s	1271	Gm	TGGTG
18s	1280	ac4C	GCCGT
18s	1290	Y	GTTGG
18s	1415	Y	TTTGA
18s	1428	Gm	CAGGT
18s	1572	Gm	ACGAG
18s	1575	m7G	AGGAA
18s	1639	Cm	CGCCC
18s	1773	ac4C	TCCGT
18s	1781	m26A	TGAAC
18s	1782	m26A	GAACC
25s	645	m1A	TGAAA
25s	649	Am	ACACG
25s	650	Cm	CACGG
25s	663	Cm	GTCTA
25s	776	Y	GATTT
25s	805	Gm	CCGAA
25s	807	Am	GAAAG
25s	817	Am	GAACT
25s	867	Gm	TAGCG
25s	876	Am	TGACG
25s	898	Um	ATTTG
25s	908	Gm	AGGGG
25s	956	m5U	TTTCC
25s	960	Y	CCTCA
25s	966	Y	GATAG
25s	986	Y	GTTTT
25s	990	Y	TATGA
25s	1004	Y	AATGA
25s	1042	Y	ATTCT
25s	1052	Y	TTTAA
25s	1056	Y	AATAT
25s	1110	Y	TTTTA
25s	1124	Y	TTTTG
25s	1133	Am	GCAGA
25s	1437	Cm	ATCTT
25s	1449	Am	GTAGC
25s	1450	Gm	TAGCA
25s	1888	Um	AATGT
25s	2129	Y	TCTGA
25s	2133	Y	ACTGT
25s	2142	m1A	TTAAA
25s	2191	Y	TTTCT
25s	2197	Cm	CCCAG
25s	2220	Am	GAAGA
25s	2256	Am	TAACT
25s	2258	Y	ACTAT
25s	2260	Y	TATGA
25s	2264	Y	ACTCT
25s	2266	Y	TCTCT
25s	2278	m5C	GCCAA
25s	2280	Am	CAAAT
25s	2281	Am	AAATG
25s	2288	Gm	TCGTC
25s	2314	Y	AATGG
25s	2337	Cm	GTCCC
25s	2340	Y	CCTAT
25s	2347	Y	ACTAT
25s	2349	Y	TATCT
25s	2351	Y	TCTAG
25s	2416	Y	GCTTG
25s	2417	Um	CTTGA
25s	2421	Um	ACTCT
25s	2619	Gm	TGGGG
25s	2634	m3U	GTTAA
25s	2640	Am	CGATA
25s	2724	Um	TTTTC
25s	2729	Um	AGTGT
25s	2735	Y	AATAC
25s	2791	Gm	TAGAG
25s	2793	Gm	GAGGT
25s	2815	Gm	AGGGA
25s	2826	Y	GCTTG
25s	2843	m3U	GTTCA
25s	2865	Y	GATTC
25s	2870	m5C	TTCGA
25s	2880	Y	GCTCT
25s	2921	Um	ATTGT
25s	2922	Gm	TTGTT
25s	2923	Y	TGTTC
25s	2944	Y	CGTGA
25s	2946	Am	TGAGC
25s	2948	Cm	TGAGC
25s	2959	Cm	AGCTG
25s	2975	Y	GTTAG
5.8s	73	Y	AATTG
5s	50	Y	TGTAG